level	page_num	block_num	par_num	line_num	word_num	left	top	width	height	conf	text
1	1	0	0	0	0	0	0	826	1169	-1	
2	1	1	0	0	0	25	26	365	7	-1	
3	1	1	1	0	0	25	26	365	7	-1	
4	1	1	1	1	0	25	26	365	7	-1	
5	1	1	1	1	1	25	26	365	7	95.000000	 
2	1	2	0	0	0	27	37	356	182	-1	
3	1	2	1	0	0	28	37	182	13	-1	
4	1	2	1	1	0	28	37	182	13	-1	
5	1	2	1	1	1	28	37	44	13	40.558487	SARL
5	1	2	1	1	2	77	37	98	13	92.503738	DIAGONALE
5	1	2	1	1	3	181	37	29	13	84.823540	Sarl
3	1	2	2	0	0	29	57	97	11	-1	
4	1	2	2	1	0	29	57	97	11	-1	
5	1	2	2	1	1	29	57	50	11	0.000000	HS’QUAI
5	1	2	2	1	2	84	57	42	11	76.982086	CONTI
3	1	2	3	0	0	28	71	149	11	-1	
4	1	2	3	1	0	28	71	149	11	-1	
5	1	2	3	1	1	28	72	37	10	39.808685	178430
5	1	2	3	1	2	70	71	107	11	29.366394	LOUVECIENNES:
3	1	2	4	0	0	27	87	122	11	-1	
4	1	2	4	1	0	27	87	122	11	-1	
5	1	2	4	1	1	27	87	44	11	59.873787	|Tél:
5	1	2	4	1	2	61	79	13	29	88.629623	01
5	1	2	4	1	3	78	87	14	11	87.914970	39
5	1	2	4	1	4	98	87	12	11	87.914970	13
5	1	2	4	1	5	117	79	13	29	89.872902	44
5	1	2	4	1	6	136	79	13	29	89.872902	94
3	1	2	5	0	0	29	103	220	14	-1	
4	1	2	5	1	0	29	103	220	14	-1	
5	1	2	5	1	1	29	104	38	11	8.881027	E-mail
5	1	2	5	1	2	75	95	6	29	89.916367	:
5	1	2	5	1	3	83	103	166	14	88.915573	contact@diagonale-moto.fr
3	1	2	6	0	0	28	121	355	49	-1	
4	1	2	6	1	0	29	121	334	11	-1	
5	1	2	6	1	1	29	121	70	11	35.127670	IH.ATELIER
5	1	2	6	1	2	104	121	49	11	88.585861	Mar/ven
5	1	2	6	1	3	158	121	126	11	74.860893	9h-13h30/14h30-18h
5	1	2	6	1	4	289	121	27	11	93.071571	Sam
5	1	2	6	1	5	322	121	41	11	36.326691	9h-18h
4	1	2	6	2	0	28	139	355	11	-1	
5	1	2	6	2	1	28	139	95	11	38.162189	H.COMMERCE
5	1	2	6	2	2	128	139	176	11	37.157547	Mar/venSh-13h/14h30-18h30
5	1	2	6	2	3	309	139	27	10	93.211655	Sam
5	1	2	6	2	4	341	139	42	10	85.923569	9h-18h.
4	1	2	6	3	0	28	160	119	10	-1	
5	1	2	6	3	1	28	160	34	10	47.417545	Icapital:
5	1	2	6	3	2	72	160	43	9	0.000000	7.62245
5	1	2	6	3	3	119	160	28	8	96.267097	Euros
3	1	2	7	0	0	29	172	152	9	-1	
4	1	2	7	1	0	29	172	152	9	-1	
5	1	2	7	1	1	29	172	23	9	46.042107	IRCS
5	1	2	7	1	2	55	172	55	9	93.525734	424576965
5	1	2	7	1	3	114	172	67	9	86.102951	VERSAILLES
3	1	2	8	0	0	29	186	121	9	-1	
4	1	2	8	1	0	29	186	121	9	-1	
5	1	2	8	1	1	29	186	32	9	30.838623	siRET
5	1	2	8	1	2	65	186	85	9	1.871933	4245769650034
3	1	2	9	0	0	29	198	57	9	-1	
4	1	2	9	1	0	29	198	57	9	-1	
5	1	2	9	1	1	29	198	22	9	65.348312	JAPE
5	1	2	9	1	2	55	198	31	9	66.831459	45402,
3	1	2	10	0	0	29	210	214	9	-1	
4	1	2	10	1	0	29	210	214	9	-1	
5	1	2	10	1	1	29	210	21	9	42.241894	[TVA
5	1	2	10	1	2	54	211	98	8	59.141766	intracommunautare
5	1	2	10	1	3	157	200	4	29	80.845947	:
5	1	2	10	1	4	162	211	81	8	31.209770	FR45424576965,
2	1	3	0	0	0	29	237	343	11	-1	
3	1	3	1	0	0	29	237	343	11	-1	
4	1	3	1	1	0	29	237	343	11	-1	
5	1	3	1	1	1	29	237	65	11	87.614975	FACTURE
5	1	3	1	1	2	106	229	10	28	48.155247	—
5	1	3	1	1	3	124	237	75	11	93.146149	2022002899
5	1	3	1	1	4	212	238	16	10	91.849472	du
5	1	3	1	1	5	241	237	68	11	80.658714	24/08/2022
5	1	3	1	1	6	327	243	5	2	86.381706	-
5	1	3	1	1	7	336	237	36	11	84.867119	Ets01
2	1	4	0	0	0	386	28	6	194	-1	
3	1	4	1	0	0	386	28	6	194	-1	
4	1	4	1	1	0	386	28	6	194	-1	
5	1	4	1	1	1	386	28	6	194	95.000000	 
2	1	5	0	0	0	25	217	365	8	-1	
3	1	5	1	0	0	25	217	365	8	-1	
4	1	5	1	1	0	25	217	365	8	-1	
5	1	5	1	1	1	25	217	365	8	95.000000	 
2	1	6	0	0	0	29	270	141	11	-1	
3	1	6	1	0	0	29	270	141	11	-1	
4	1	6	1	1	0	29	270	141	11	-1	
5	1	6	1	1	1	29	271	35	10	93.731438	Client
5	1	6	1	1	2	69	271	48	10	67.546600	Numéro
5	1	6	1	1	3	133	270	37	11	67.546600	16050
2	1	7	0	0	0	29	312	92	11	-1	
3	1	7	1	0	0	29	312	92	11	-1	
4	1	7	1	1	0	29	312	92	11	-1	
5	1	7	1	1	1	29	313	35	10	42.482296	NPOR
5	1	7	1	1	2	87	312	34	10	46.612625	32064
2	1	8	0	0	0	418	186	377	7	-1	
3	1	8	1	0	0	418	186	377	7	-1	
4	1	8	1	1	0	418	186	377	7	-1	
5	1	8	1	1	1	418	186	377	7	95.000000	 
2	1	9	0	0	0	428	203	220	11	-1	
3	1	9	1	0	0	428	203	220	11	-1	
4	1	9	1	1	0	428	203	220	11	-1	
5	1	9	1	1	1	428	203	26	10	69.999992	‘STE
5	1	9	1	1	2	458	203	45	10	88.892975	ZALEM
5	1	9	1	1	3	508	203	76	11	92.740654	COURAULT
5	1	9	1	1	4	588	203	60	10	96.955444	VINCENT
2	1	10	0	0	0	428	242	256	31	-1	
3	1	10	1	0	0	428	242	256	31	-1	
4	1	10	1	1	0	429	242	170	11	-1	
5	1	10	1	1	1	429	242	13	11	94.652184	12
5	1	10	1	1	2	448	242	27	11	93.175972	RUE
5	1	10	1	1	3	480	242	119	11	62.926289	D'AUBERVILLIERS
4	1	10	1	2	0	428	262	256	11	-1	
5	1	10	1	2	1	428	262	37	11	96.060951	75019
5	1	10	1	2	2	470	262	40	11	93.298592	PARIS
5	1	10	1	2	3	516	262	43	11	89.404579	19EME
5	1	10	1	2	4	563	262	121	11	90.064224	ARRONDISSEMEN
2	1	11	0	0	0	417	189	4	109	-1	
3	1	11	1	0	0	417	189	4	109	-1	
4	1	11	1	1	0	417	189	4	109	-1	
5	1	11	1	1	1	417	189	4	109	95.000000	 
2	1	12	0	0	0	793	189	3	109	-1	
3	1	12	1	0	0	793	189	3	109	-1	
4	1	12	1	1	0	793	189	3	109	-1	
5	1	12	1	1	1	793	189	3	109	95.000000	 
2	1	13	0	0	0	418	294	377	7	-1	
3	1	13	1	0	0	418	294	377	7	-1	
4	1	13	1	1	0	418	294	377	7	-1	
5	1	13	1	1	1	418	294	377	7	95.000000	 
2	1	14	0	0	0	754	321	43	11	-1	
3	1	14	1	0	0	754	321	43	11	-1	
4	1	14	1	1	0	754	321	43	11	-1	
5	1	14	1	1	1	754	321	25	11	95.879967	Page
5	1	14	1	1	2	784	321	13	9	90.097855	1/2
2	1	15	0	0	0	25	332	773	15	-1	
3	1	15	1	0	0	25	332	773	15	-1	
4	1	15	1	1	0	25	332	773	15	-1	
5	1	15	1	1	1	25	332	773	15	95.000000	 
2	1	16	0	0	0	25	338	353	36	-1	
3	1	16	1	0	0	25	338	353	36	-1	
4	1	16	1	1	0	25	338	200	28	-1	
5	1	16	1	1	1	25	338	48	28	88.543770	‘Marque
5	1	16	1	1	2	182	347	43	10	0.000000	Modelo
4	1	16	1	2	0	29	364	349	10	-1	
5	1	16	1	2	1	29	364	56	10	93.773758	TRIUMPH
5	1	16	1	2	2	182	364	42	9	95.209785	URBAN
5	1	16	1	2	3	229	364	42	10	90.295303	SPORT
5	1	16	1	2	4	275	369	3	2	90.295303	-
5	1	16	1	2	5	283	364	48	10	96.008980	STREET
5	1	16	1	2	6	335	364	43	10	96.008980	TRIPLE
2	1	17	0	0	0	405	340	324	34	-1	
3	1	17	1	0	0	405	340	324	34	-1	
4	1	17	1	1	0	405	340	324	28	-1	
5	1	17	1	1	1	405	340	35	28	96.259338	Type
5	1	17	1	1	2	556	347	14	10	0.000000	N*
5	1	17	1	1	3	574	347	30	10	78.743317	Série
5	1	17	1	1	4	698	347	31	10	84.376595	P.cT
4	1	17	1	2	0	556	364	130	10	-1	
5	1	17	1	2	1	556	364	130	10	2.066101	‘SMTTMD40668461882
2	1	18	0	0	0	526	401	161	10	-1	
3	1	18	1	0	0	526	401	161	10	-1	
4	1	18	1	1	0	526	401	161	10	-1	
5	1	18	1	1	1	526	401	61	10	8.983582	01/03/2011
5	1	18	1	1	2	626	401	61	10	0.000000	___BJ-312-GH
2	1	19	0	0	0	766	347	22	10	-1	
3	1	19	1	0	0	766	347	22	10	-1	
4	1	19	1	1	0	766	347	22	10	-1	
5	1	19	1	1	1	766	347	22	10	66.567459	PF.
2	1	20	0	0	0	30	374	757	29	-1	
3	1	20	1	0	0	30	374	757	29	-1	
4	1	20	1	1	0	30	374	757	29	-1	
5	1	20	1	1	1	30	383	35	9	87.233604	Genre
5	1	20	1	1	2	81	383	46	12	87.233604	Energie
5	1	20	1	1	3	142	383	46	10	90.101128	Couleur
5	1	20	1	1	4	367	374	54	29	85.618866	Peinture
5	1	20	1	1	5	529	383	55	10	26.222374	féreMEC
5	1	20	1	1	6	610	383	93	10	41.613968	—Immatriculation
5	1	20	1	1	7	715	384	72	12	50.191170	Kilométrage
2	1	21	0	0	0	737	401	34	10	-1	
3	1	21	1	0	0	737	401	34	10	-1	
4	1	21	1	1	0	737	401	34	10	-1	
5	1	21	1	1	1	737	401	34	10	89.425438	26296
2	1	22	0	0	0	26	407	773	15	-1	
3	1	22	1	0	0	26	407	773	15	-1	
4	1	22	1	1	0	26	407	773	15	-1	
5	1	22	1	1	1	26	407	773	15	95.000000	 
2	1	23	0	0	0	30	428	259	12	-1	
3	1	23	1	0	0	30	428	259	12	-1	
4	1	23	1	1	0	30	428	259	12	-1	
5	1	23	1	1	1	30	428	28	10	51.754547	Vous
5	1	23	1	1	2	63	419	24	28	96.783195	avez
5	1	23	1	1	3	91	419	15	28	86.341644	été
5	1	23	1	1	4	112	430	26	8	96.582008	servi
5	1	23	1	1	5	142	430	18	10	64.240891	par:
5	1	23	1	1	6	171	428	59	10	90.552490	TROUDET
5	1	23	1	1	7	234	428	55	10	96.818199	QUENTIN
2	1	24	0	0	0	26	437	773	16	-1	
3	1	24	1	0	0	26	437	773	16	-1	
4	1	24	1	1	0	26	437	773	16	-1	
5	1	24	1	1	1	26	437	773	16	95.000000	 
2	1	25	0	0	0	22	29	10	446	-1	
3	1	25	1	0	0	22	29	10	446	-1	
4	1	25	1	1	0	22	29	10	446	-1	
5	1	25	1	1	1	22	29	10	446	95.000000	 
2	1	26	0	0	0	30	446	208	28	-1	
3	1	26	1	0	0	30	446	208	28	-1	
4	1	26	1	1	0	30	446	208	28	-1	
5	1	26	1	1	1	30	446	56	28	87.703461	Référence
5	1	26	1	1	2	175	456	63	11	71.502365	Désignation
2	1	27	0	0	0	480	457	302	11	-1	
3	1	27	1	0	0	480	457	302	11	-1	
4	1	27	1	1	0	480	457	302	11	-1	
5	1	27	1	1	1	480	457	13	8	49.287624	Px
5	1	27	1	1	2	497	457	40	9	49.287624	Unitaire
5	1	27	1	1	3	549	457	41	11	43.685337	QtéTps
5	1	27	1	1	4	602	457	24	9	62.204422	Ctva
5	1	27	1	1	5	700	457	43	9	80.494980	‘Montant
5	1	27	1	1	6	747	457	17	9	96.163773	Net
5	1	27	1	1	7	768	457	14	9	96.163773	HT
2	1	28	0	0	0	798	340	2	136	-1	
3	1	28	1	0	0	798	340	2	136	-1	
4	1	28	1	1	0	798	340	2	136	-1	
5	1	28	1	1	1	798	340	2	136	95.000000	 
2	1	29	0	0	0	26	466	774	16	-1	
3	1	29	1	0	0	26	466	774	16	-1	
4	1	29	1	1	0	26	466	774	16	-1	
5	1	29	1	1	1	26	466	774	16	95.000000	 
2	1	30	0	0	0	30	467	585	28	-1	
3	1	30	1	0	0	30	467	585	28	-1	
4	1	30	1	1	0	30	467	585	28	-1	
5	1	30	1	1	1	30	467	107	28	11.960686	ENTANNUELB75/765
5	1	30	1	1	2	179	477	47	9	77.455956	FORFAIT
5	1	30	1	1	3	231	467	60	28	55.120941	ENTRETIEN
5	1	30	1	1	4	296	467	40	28	55.120941	ANNUEL
5	1	30	1	1	5	343	467	98	28	81.682953	STREETIDAYTONA
5	1	30	1	1	6	507	477	108	9	0.000000	1250-1003
2	1	31	0	0	0	26	483	374	78	-1	
3	1	31	1	0	0	30	483	350	36	-1	
4	1	31	1	1	0	30	483	350	28	-1	
5	1	31	1	1	1	30	483	36	28	76.998863	00014
5	1	31	1	1	2	179	494	27	8	95.497482	FULL
5	1	31	1	1	3	209	494	42	8	95.497482	POWER
5	1	31	1	1	4	255	494	44	8	93.186615	KATANA
5	1	31	1	1	5	303	494	34	9	34.028152	10W50
5	1	31	1	1	6	340	484	3	28	93.335815	1
5	1	31	1	1	7	350	494	30	9	94.343391	LITRE
4	1	31	1	2	0	26	500	237	28	-1	
5	1	31	1	2	1	26	500	52	28	29.829567	71218001
5	1	31	1	2	2	180	510	83	9	92.831062	FILTRE
5	1	31	1	2	3	222	500	6	28	81.230591	A
5	1	31	1	2	4	234	510	29	9	81.230591	HUILE
3	1	31	2	0	0	30	517	313	28	-1	
4	1	31	2	1	0	30	517	313	28	-1	
5	1	31	2	1	1	30	517	49	28	69.954399	73558989
5	1	31	2	1	2	179	527	51	10	92.200493	WASHER,
5	1	31	2	1	3	235	527	50	10	93.292259	SEALING,
5	1	31	2	1	4	290	527	53	10	68.370926	14,4X23X3
3	1	31	3	0	0	26	533	374	28	-1	
4	1	31	3	1	0	26	533	374	28	-1	
5	1	31	3	1	1	26	533	31	28	77.585907	0008
5	1	31	3	1	2	180	543	75	9	96.554649	INGREDIENTS
5	1	31	3	1	3	259	544	14	8	93.305008	ET
5	1	31	3	1	4	276	544	67	9	91.295631	RECYCLAGE
5	1	31	3	1	5	347	544	53	9	92.861023	DECHETS
2	1	32	0	0	0	31	550	372	28	-1	
3	1	32	1	0	0	31	550	372	28	-1	
4	1	32	1	1	0	31	550	372	28	-1	
5	1	32	1	1	1	31	550	27	28	80.797134	1000
5	1	32	1	1	2	179	560	27	9	50.392056	MAIN
5	1	32	1	1	3	210	560	56	9	0.000000	D'OEUVRE
5	1	32	1	1	4	270	560	15	9	96.652885	AU
5	1	32	1	1	5	288	560	38	9	96.931473	TEMPS
5	1	32	1	1	6	330	559	36	10	96.701912	PASSE
5	1	32	1	1	7	370	560	33	9	96.669167	GREG
2	1	33	0	0	0	179	577	205	27	-1	
3	1	33	1	0	0	179	577	205	27	-1	
4	1	33	1	1	0	179	577	111	9	-1	
5	1	33	1	1	1	179	577	62	8	79.299774	ENTRETIEN
5	1	33	1	1	2	245	577	45	9	41.986004	ANNUEL,
4	1	33	1	2	0	179	594	205	10	-1	
5	1	33	1	2	1	179	599	3	2	68.362762	=
5	1	33	1	2	2	185	594	50	9	68.362762	VIDANGE
5	1	33	1	2	3	239	594	48	9	93.030663	MOTEUR
5	1	33	1	2	4	290	596	6	6	84.465073	+
5	1	33	1	2	5	300	594	37	9	84.465073	FILTRE
5	1	33	1	2	6	341	595	8	8	93.201111	A
5	1	33	1	2	7	352	595	32	9	88.900307	HUILE
2	1	34	0	0	0	179	612	259	9	-1	
3	1	34	1	0	0	179	612	259	9	-1	
4	1	34	1	1	0	179	612	259	9	-1	
5	1	34	1	1	1	179	616	4	2	25.829041	-
5	1	34	1	1	2	186	612	189	9	79.872269	GRAISSAGE/NETTOYAGE/TENSION
5	1	34	1	1	3	379	612	15	9	93.071693	DE
5	1	34	1	1	4	397	612	41	9	92.563522	CHAINE
2	1	35	0	0	0	179	630	175	62	-1	
3	1	35	1	0	0	179	630	125	27	-1	
4	1	35	1	1	0	179	630	113	9	-1	
5	1	35	1	1	1	179	634	3	2	55.773998	-
5	1	35	1	1	2	186	630	65	9	83.699997	PRESSIONS
5	1	35	1	1	3	255	630	37	9	71.720490	PNEUS
4	1	35	1	2	0	179	648	125	9	-1	
5	1	35	1	2	1	179	652	3	2	23.438980	-
5	1	35	1	2	2	186	648	61	8	28.415817	CONTROLE
5	1	35	1	2	3	251	648	53	9	93.197098	GENERAL
3	1	35	2	0	0	179	665	175	27	-1	
4	1	35	2	1	0	179	665	175	9	-1	
5	1	35	2	1	1	179	670	4	2	30.588501	-
5	1	35	2	1	2	186	665	65	9	59.639282	GRAISSAGE
5	1	35	2	1	3	255	665	22	9	93.276711	DES
5	1	35	2	1	4	281	665	73	9	80.151947	COMMANDES
4	1	35	2	2	0	180	683	150	9	-1	
5	1	35	2	2	1	180	687	2	2	82.833115	-
5	1	35	2	2	2	186	683	77	8	92.497688	VERIFICATION
5	1	35	2	2	3	267	683	63	9	91.071213	ECLAIRAGE
2	1	36	0	0	0	180	700	94	4	-1	
3	1	36	1	0	0	180	700	94	4	-1	
4	1	36	1	1	0	180	700	94	4	-1	
5	1	36	1	1	1	180	700	94	4	95.000000	 
2	1	37	0	0	0	179	718	186	10	-1	
3	1	37	1	0	0	179	718	186	10	-1	
4	1	37	1	1	0	179	718	186	10	-1	
5	1	37	1	1	1	179	718	26	9	83.549408	Votre
5	1	37	1	1	2	209	718	42	10	93.230553	prochain
5	1	37	1	1	3	255	719	42	8	86.889534	entretien
5	1	37	1	1	4	303	718	3	9	91.268211	&
5	1	37	1	1	5	311	718	54	9	65.254379	30,000kms,
2	1	38	0	0	0	288	701	185	3	-1	
3	1	38	1	0	0	288	701	185	3	-1	
4	1	38	1	1	0	288	701	185	3	-1	
5	1	38	1	1	1	288	701	185	3	95.000000	 
2	1	39	0	0	0	180	736	298	10	-1	
3	1	39	1	0	0	180	736	298	10	-1	
4	1	39	1	1	0	180	736	298	10	-1	
5	1	39	1	1	1	180	736	45	10	84.884247	(entretien
5	1	39	1	1	2	229	736	33	8	96.661964	des
5	1	39	1	1	3	253	726	7	28	96.241554	30
5	1	39	1	1	4	266	736	18	8	88.954620	000
5	1	39	1	1	5	287	736	20	8	93.273689	kms
5	1	39	1	1	6	311	736	33	10	90.687698	prévoir
5	1	39	1	1	7	347	736	25	9	70.565475	2396
5	1	39	1	1	8	375	736	21	9	90.080223	hors
5	1	39	1	1	9	400	736	78	10	68.416954	consommables)
2	1	40	0	0	0	179	754	173	28	-1	
3	1	40	1	0	0	179	754	173	28	-1	
4	1	40	1	1	0	179	754	145	10	-1	
5	1	40	1	1	1	179	755	12	7	85.945358	‘ou
5	1	40	1	1	2	195	755	11	7	93.304573	un
5	1	40	1	1	3	210	754	43	8	91.356529	entretien
5	1	40	1	1	4	257	754	32	8	87.697113	annuel
5	1	40	1	1	5	293	755	16	9	95.932495	par
5	1	40	1	1	6	312	755	12	7	86.619156	an.
4	1	40	1	2	0	180	771	172	11	-1	
5	1	40	1	2	1	180	771	66	10	87.017502	(Interventions
5	1	40	1	2	2	250	771	21	9	93.305717	hors
5	1	40	1	2	3	275	771	27	9	91.901459	forfait
5	1	40	1	2	4	305	771	47	11	87.479073	entretien)
2	1	41	0	0	0	179	789	258	10	-1	
3	1	41	1	0	0	179	789	258	10	-1	
4	1	41	1	1	0	179	789	258	10	-1	
5	1	41	1	1	1	179	789	53	8	53.394958	‘Accontroler
5	1	41	1	1	2	236	791	15	6	96.736267	sur
5	1	41	1	1	3	254	789	24	9	90.027382	votre
5	1	41	1	1	4	282	789	34	9	96.998192	facture
5	1	41	1	1	5	319	791	12	7	95.420006	ou
5	1	41	1	1	6	335	789	47	10	82.686417	historique
5	1	41	1	1	7	394	790	43	8	44.397041	dentretien
2	1	42	0	0	0	179	806	154	11	-1	
3	1	42	1	0	0	179	806	154	11	-1	
4	1	42	1	1	0	179	806	154	11	-1	
5	1	42	1	1	1	179	811	4	1	63.380428	=
5	1	42	1	1	2	187	806	34	11	92.764641	Purges
5	1	42	1	1	3	224	806	12	9	95.810242	de
5	1	42	1	1	4	240	806	21	9	41.565544	fren
5	1	42	1	1	5	265	807	20	8	96.260040	tous
5	1	42	1	1	6	289	806	14	9	84.772781	les
5	1	42	1	1	7	307	806	5	9	96.796783	2
5	1	42	1	1	8	316	808	17	7	96.662903	ans.
2	1	43	0	0	0	179	824	250	11	-1	
3	1	43	1	0	0	179	824	250	11	-1	
4	1	43	1	1	0	179	824	250	11	-1	
5	1	43	1	1	1	179	829	3	1	68.464561	=
5	1	43	1	1	2	186	824	40	11	91.811050	Vidange
5	1	43	1	1	3	230	824	47	11	96.318054	liquide
5	1	43	1	1	4	266	815	10	28	93.302643	de
5	1	43	1	1	5	281	824	76	9	91.222672	refroidissement
5	1	43	1	1	6	360	825	21	8	96.406670	tous
5	1	43	1	1	7	385	824	13	9	92.092705	les
5	1	43	1	1	8	402	824	5	9	95.978287	3
5	1	43	1	1	9	411	826	18	7	95.978287	ans.
2	1	44	0	0	0	180	841	174	11	-1	
3	1	44	1	0	0	180	841	174	11	-1	
4	1	44	1	1	0	180	841	174	11	-1	
5	1	44	1	1	1	180	846	3	2	54.697536	-
5	1	44	1	1	2	186	842	40	10	72.124634	Vidange
5	1	44	1	1	3	230	842	12	8	93.296799	de
5	1	44	1	1	4	245	841	37	9	93.094772	fourche
5	1	44	1	1	5	286	842	20	8	96.861382	tous
5	1	44	1	1	6	310	842	14	8	93.785843	les
5	1	44	1	1	7	328	842	5	8	83.845947	3
5	1	44	1	1	8	337	844	17	6	83.845947	ans.
2	1	45	0	0	0	179	859	432	28	-1	
3	1	45	1	0	0	179	859	432	28	-1	
4	1	45	1	1	0	180	859	276	12	-1	
5	1	45	1	1	1	180	859	36	9	57.671680	Pensez
5	1	45	1	1	2	220	860	5	8	91.800476	&
5	1	45	1	1	3	229	859	43	9	55.383259	contrbler
5	1	45	1	1	4	275	860	24	8	85.024940	votre
5	1	45	1	1	5	304	861	31	7	95.547272	niveau
5	1	45	1	1	6	339	860	31	8	23.790543	hulle
5	1	45	1	1	7	374	860	34	8	95.991959	entre
5	1	45	1	1	8	402	849	5	28	96.306343	2
5	1	45	1	1	9	412	860	44	11	87.566521	vidanges.
4	1	45	1	2	0	179	876	432	11	-1	
5	1	45	1	2	1	179	876	80	10	50.221169	OBSERVATION
5	1	45	1	2	2	264	877	14	9	93.241920	DU
5	1	45	1	2	3	282	877	67	9	74.408356	TECHNICIEN
5	1	45	1	2	4	352	867	5	28	74.408356	:
5	1	45	1	2	5	358	877	82	9	84.432648	AMORTISSEUR
5	1	45	1	2	6	443	877	49	9	85.727386	ARRIERE
5	1	45	1	2	7	497	867	9	28	89.899498	->
5	1	45	1	2	8	509	877	80	10	91.720840	HYDRAULIQUE
5	1	45	1	2	9	593	878	18	8	82.508896	H.S
2	1	46	0	0	0	409	1009	112	14	-1	
3	1	46	1	0	0	409	1009	112	14	-1	
4	1	46	1	1	0	409	1009	112	14	-1	
5	1	46	1	1	1	409	1009	49	11	93.000748	Montant
5	1	46	1	1	2	462	1010	7	10	58.117874	a
5	1	46	1	1	3	474	1010	47	13	96.517693	reporter
2	1	47	0	0	0	748	478	33	9	-1	
3	1	47	1	0	0	748	478	33	9	-1	
4	1	47	1	1	0	748	478	33	9	-1	
5	1	47	1	1	1	748	478	33	9	62.942612	18250
2	1	48	0	0	0	739	1010	41	11	-1	
3	1	48	1	0	0	739	1010	41	11	-1	
4	1	48	1	1	0	739	1010	41	11	-1	
5	1	48	1	1	1	739	1010	41	11	87.264465	182.50
2	1	49	0	0	0	25	1020	774	18	-1	
3	1	49	1	0	0	25	1020	774	18	-1	
4	1	49	1	1	0	25	1020	774	18	-1	
5	1	49	1	1	1	25	1020	774	18	95.000000	 
2	1	50	0	0	0	28	1030	732	10	-1	
3	1	50	1	0	0	28	1030	732	10	-1	
4	1	50	1	1	0	28	1030	732	10	-1	
5	1	50	1	1	1	28	1030	35	6	2.025604	[PRET
5	1	50	1	1	2	68	1030	19	7	31.631889	Ta
5	1	50	1	1	3	105	1020	24	28	50.865711	aris
5	1	50	1	1	4	138	1020	38	28	37.956501	res
5	1	50	1	1	5	187	1031	26	7	24.506439	aa
5	1	50	1	1	6	241	1020	17	28	23.714630	RI
5	1	50	1	1	7	264	1020	43	28	33.861084	HPAL
5	1	50	1	1	8	320	1031	22	8	31.455811	BO
5	1	50	1	1	9	353	1020	35	28	0.000000	POTIT
5	1	50	1	1	10	402	1020	31	28	0.000000	EBONS
5	1	50	1	1	11	441	1020	43	28	25.749329	PERN
5	1	50	1	1	12	492	1020	36	28	0.000000	BPTI
5	1	50	1	1	13	537	1020	24	28	44.347260	TS
5	1	50	1	1	14	565	1032	38	6	24.361610	BB
5	1	50	1	1	15	607	1020	26	28	0.000000	FUOTOA
5	1	50	1	1	16	637	1020	10	28	24.439911	OS
5	1	50	1	1	17	654	1020	45	28	24.550652	FORTIS,
5	1	50	1	1	18	703	1032	17	7	30.101242	TT
5	1	50	1	1	19	749	1032	11	8	36.890411	TE
2	1	51	0	0	0	28	1044	679	10	-1	
3	1	51	1	0	0	28	1044	679	10	-1	
4	1	51	1	1	0	28	1044	679	10	-1	
5	1	51	1	1	1	28	1033	57	28	21.873756	ascites
5	1	51	1	1	2	89	1033	19	28	56.359589	srs
5	1	51	1	1	3	112	1033	24	28	56.359589	ores
5	1	51	1	1	4	142	1033	22	28	45.126427	pies
5	1	51	1	1	5	173	1033	12	28	52.911854	on
5	1	51	1	1	6	187	1033	22	28	37.561790	pales
5	1	51	1	1	7	213	1045	2	6	56.308956	8
5	1	51	1	1	8	217	1033	10	28	56.388096	Ga
5	1	51	1	1	9	234	1033	21	28	36.007942	ane
5	1	51	1	1	10	268	1045	36	6	35.803024	tae
5	1	51	1	1	11	320	1033	26	28	29.265068	bsp
5	1	51	1	1	12	367	1045	17	7	20.635147	Aa
5	1	51	1	1	13	392	1046	24	7	29.211487	cH
5	1	51	1	1	14	427	1045	24	7	40.134628	Oe
5	1	51	1	1	15	485	1046	48	8	34.803009	ge
5	1	51	1	1	16	537	1033	17	28	48.142975	io
5	1	51	1	1	17	563	1047	14	7	21.832298	Lo
5	1	51	1	1	18	588	1046	10	6	22.693703	a
5	1	51	1	1	19	602	1046	45	8	42.987938	leg
5	1	51	1	1	20	665	1033	13	28	48.630558	ts
5	1	51	1	1	21	682	1033	28	28	66.786285	oes.
2	1	52	0	0	0	28	1058	723	9	-1	
3	1	52	1	0	0	28	1058	723	9	-1	
4	1	52	1	1	0	28	1058	723	9	-1	
5	1	52	1	1	1	24	1047	10	28	58.746952	|
5	1	52	1	1	2	45	1047	21	28	38.562016	esr
5	1	52	1	1	3	75	1047	36	28	38.562016	oars
5	1	52	1	1	4	115	1058	7	7	53.036774	0
5	1	52	1	1	5	124	1047	17	28	39.474609	mor
5	1	52	1	1	6	142	1047	27	28	47.519936	son
5	1	52	1	1	7	173	1047	24	28	37.960857	orto
5	1	52	1	1	8	203	1047	50	28	0.000000	eecsuvenet
5	1	52	1	1	9	257	1047	47	28	30.110748	nated
5	1	52	1	1	10	306	1047	7	28	32.429649	Ge
5	1	52	1	1	11	315	1047	29	28	2.371902	port
5	1	52	1	1	12	348	1047	36	28	38.131905	Aner
5	1	52	1	1	13	395	1047	7	28	18.016449	ne
5	1	52	1	1	14	423	1060	45	6	46.106129	hea
5	1	52	1	1	15	474	1047	38	28	39.742943	egret
5	1	52	1	1	16	513	1047	18	28	34.572807	SA
5	1	52	1	1	17	542	1047	14	28	71.110504	Cte
5	1	52	1	1	18	563	1047	35	28	62.533344	pone
5	1	52	1	1	19	600	1047	22	28	23.032982	pete
5	1	52	1	1	20	635	1047	24	28	33.813164	ci.
5	1	52	1	1	21	663	1047	43	28	42.881729	eine
5	1	52	1	1	22	710	1047	21	28	48.070351	ene
5	1	52	1	1	23	738	1047	17	28	43.222603	nt
2	1	53	0	0	0	28	1072	109	8	-1	
3	1	53	1	0	0	28	1072	109	8	-1	
4	1	53	1	1	0	28	1072	109	8	-1	
5	1	53	1	1	1	24	1059	26	28	35.647675	fea
5	1	53	1	1	2	59	1059	21	28	58.374065	cre
5	1	53	1	1	3	86	1072	20	7	31.658752	ee
5	1	53	1	1	4	108	1072	29	8	39.617882	peer
2	1	54	0	0	0	28	1085	515	10	-1	
3	1	54	1	0	0	28	1085	515	10	-1	
4	1	54	1	1	0	28	1085	515	10	-1	
5	1	54	1	1	1	28	1085	85	7	19.265137	eseRve
5	1	54	1	1	2	63	1075	8	28	46.471119	De
5	1	54	1	1	3	75	1085	38	7	36.996082	PRoPRETE:
5	1	54	1	1	4	122	1075	26	28	29.905746	een
5	1	54	1	1	5	164	1075	26	28	63.955067	tae
5	1	54	1	1	6	196	1075	27	28	44.467606	prop
5	1	54	1	1	7	234	1075	10	28	68.393143	es
5	1	54	1	1	8	248	1075	42	28	20.667023	marcas
5	1	54	1	1	9	292	1075	29	28	35.093925	joe's
5	1	54	1	1	10	325	1075	28	28	52.987465	pent
5	1	54	1	1	11	355	1075	24	28	56.127174	intial
5	1	54	1	1	12	383	1087	31	8	60.245907	ep
5	1	54	1	1	13	423	1087	24	8	46.114090	op
5	1	54	1	1	14	462	1075	22	28	54.134232	tin
5	1	54	1	1	15	499	1075	44	28	45.549885	aac
2	1	55	0	0	0	28	1100	723	10	-1	
3	1	55	1	0	0	28	1100	723	10	-1	
4	1	55	1	1	0	28	1100	723	10	-1	
5	1	55	1	1	1	28	1089	43	28	0.000000	[snes
5	1	55	1	1	2	82	1089	10	28	41.341400	se
5	1	55	1	1	3	98	1089	36	28	0.000000	acta
5	1	55	1	1	4	152	1089	29	28	49.307030	ate
5	1	55	1	1	5	183	1089	23	28	52.102928	ter
5	1	55	1	1	6	210	1089	31	28	28.644371	trance
5	1	55	1	1	7	245	1089	10	28	57.666702	Nos
5	1	55	1	1	8	259	1089	41	28	12.557686	rachardees
5	1	55	1	1	9	306	1089	19	28	0.000000	yep
5	1	55	1	1	10	332	1089	10	28	63.656044	au
5	1	55	1	1	11	348	1089	17	28	44.106098	ga
5	1	55	1	1	12	369	1101	17	7	37.580509	ep
5	1	55	1	1	13	397	1089	8	28	49.985310	et
5	1	55	1	1	14	409	1089	38	28	39.431984	Sess
5	1	55	1	1	15	451	1089	21	28	50.244938	Acie
5	1	55	1	1	16	476	1089	15	28	26.129349	pce
5	1	55	1	1	17	495	1102	33	7	24.090561	ee
5	1	55	1	1	18	542	1101	28	8	41.999504	Br
5	1	55	1	1	19	574	1102	34	6	46.234596	Grn
5	1	55	1	1	20	616	1089	24	28	29.015587	pet
5	1	55	1	1	21	644	1089	41	28	60.558197	commands
5	1	55	1	1	22	689	1089	35	28	41.626526	pees
5	1	55	1	1	23	733	1089	22	28	51.671566	set
2	1	56	0	0	0	50	1113	592	10	-1	
3	1	56	1	0	0	50	1113	592	10	-1	
4	1	56	1	1	0	50	1113	592	10	-1	
5	1	56	1	1	1	50	1115	24	6	50.144062	es,
5	1	56	1	1	2	78	1103	13	28	60.965607	Sad
5	1	56	1	1	3	95	1103	24	28	16.055748	spc
5	1	56	1	1	4	130	1103	26	28	51.492836	ere
5	1	56	1	1	5	169	1103	27	28	36.362648	acres
5	1	56	1	1	6	200	1103	6	28	51.746029	de
5	1	56	1	1	7	209	1103	36	28	0.000000	orgece
5	1	56	1	1	8	249	1103	19	28	22.070732	Tip
5	1	56	1	1	9	276	1103	20	28	44.377193	ero
5	1	56	1	1	10	302	1103	43	28	45.185661	cameras,
5	1	56	1	1	11	351	1103	10	28	45.609314	de
5	1	56	1	1	12	368	1103	40	28	26.451248	casts
5	1	56	1	1	13	412	1103	17	28	52.333469	otal
5	1	56	1	1	14	433	1103	26	28	51.965183	se
5	1	56	1	1	15	466	1103	40	28	30.554634	caret
5	1	56	1	1	16	512	1103	41	28	48.675274	jets
5	1	56	1	1	17	561	1103	48	28	44.050274	Soke
5	1	56	1	1	18	610	1103	32	28	25.736305	Ee
2	1	57	0	0	0	796	1029	4	98	-1	
3	1	57	1	0	0	796	1029	4	98	-1	
4	1	57	1	1	0	796	1029	4	98	-1	
5	1	57	1	1	1	796	1029	4	98	95.000000	 
2	1	58	0	0	0	53	1115	746	19	-1	
3	1	58	1	0	0	53	1115	746	19	-1	
4	1	58	1	1	0	53	1115	746	19	-1	
5	1	58	1	1	1	53	1115	746	19	95.000000	 
2	1	59	0	0	0	46	1163	310	6	-1	
3	1	59	1	0	0	46	1163	310	6	-1	
4	1	59	1	1	0	46	1163	310	6	-1	
5	1	59	1	1	1	46	1163	310	6	95.000000	 
